Year,Avg_Temperature,Total_CO2_Emissions
2000,26.2,27.700000000000003
2001,27.4,19.0
2003,22.02,50.8
2004,21.14,54.5
2006,11.5,21.0
2007,11.5,25.9
2008,34.8,19.8
2010,18.599999999999998,35.3
2011,17.98,60.2
2012,19.966666666666665,46.9
2013,14.4,1.5
2014,7.6,10.2
2015,19.766666666666666,45.1
2016,19.825,18.7
2017,21.475,39.5
2018,22.28333333333333,56.8
2019,20.85,29.299999999999997
2020,19.22,58.3
2021,20.8,37.7
2022,23.099999999999998,39.8
2023,21.099999999999998,28.0
