Year,Avg_Temperature,Total_CO2_Emissions
2000,23.1875,87.9
2001,16.15,53.0
2002,19.8,31.7
2003,9.0,19.0
2004,15.4,23.9
2005,19.366666666666667,30.299999999999997
2006,16.375,47.7
2007,12.05,19.6
2009,15.35,28.2
2010,19.3,10.5
2011,19.45,22.6
2012,15.4,13.9
2014,16.75,62.9
2015,7.3,15.1
2016,22.925,59.8
2017,6.3,11.0
2018,24.9,63.5
2019,20.025,68.6
2020,7.8,12.1
2021,15.775,63.0
2022,19.400000000000002,49.4
2023,30.3,28.6
